Task Name,Task Description,Task Duration,,,,,,,,
Update software,Apply patches and updates to existing software,5,,,,,,,,
Conduct customer survey,Design and distribute survey to gather feedback,10,,,,,,,,
Write project proposal,Draft proposal for new project initiative,18,,,,,,,,
Train new employees,Conduct training sessions for new hires,15,,,,,,,,
Analyze market trends,Review industry data to identify emerging trends,20,,,,,,,,
Create social media posts,Develop content for company's social media channels,7,,,,,,,,
Perform data analysis,Analyze data sets to extract meaningful insights,30,,,,,,,,
Schedule appointments,Coordinate meetings and appointments,3,,,,,,,,
Test software,Conduct quality assurance tests on software products,25,,,,,,,,
Organize team building event,Plan and execute team building activities,12,,,,,,,,
Review project budget,Analyze project expenses and adjust budget as needed,8,,,,,,,,
Draft email newsletter,Write content and design layout for email newsletter,6,,,,,,,,
Conduct performance review,Evaluate employee performance and provide feedback,12,,,,,,,,
Research industry trends,Gather information on current trends in the industry,15,,,,,,,,
Develop marketing materials,Design brochures and flyers for marketing campaigns,10,,,,,,,,
Update company policies,Review and revise company policies and procedures,20,,,,,,,,
Attend training workshop,Participate in professional development workshop,8,,,,,,,,
Perform inventory check,Count and record inventory levels,5,,,,,,,,
Generate sales leads,Identify potential leads for sales team,10,,,,,,,,
Set up project meeting,Schedule and coordinate meetings with project team,2,,,,,,,,
Make breakfast,Prepare and cook breakfast,30,,,,,,,,
Commute to work,Travel from home to workplace,45,,,,,,,,
Check emails,Review and respond to emails,20,,,,,,,,
Attend team meeting,Participate in team meeting,60,,,,,,,,
Take lunch break,Step away from work to eat lunch,60,,,,,,,,
Complete paperwork,Fill out and submit necessary paperwork,45,,,,,,,,
Return phone calls,Make and return phone calls,30,,,,,,,,
Update to-do list,Review and update to-do list,15,,,,,,,,
Exercise,"Engage in physical activity (e.g., gym, jogging)",60,,,,,,,,
Grocery shopping,Purchase groceries for home,60,,,,,,,,
Pay bills,Settle outstanding bills and invoices,30,,,,,,,,
Attend evening class,Participate in educational class or workshop,120,,,,,,,,
Walk the dog,Take pet for a walk,30,,,,,,,,
Prepare dinner,Cook and prepare dinner,45,,,,,,,,
Watch TV,Relax and watch television,60,,,,,,,,
Read,"Spend time reading (e.g., books, articles)",45,,,,,,,,
Clean the house,Perform household cleaning tasks,90,,,,,,,,
Check social media,Browse and interact on social media platforms,30,,,,,,,,
Water plants,Water and tend to indoor plants,15,,,,,,,,
Take a nap,Rest and recharge with a short nap,20,,,,,,,,
Attend lectures,Participate in classroom lectures,60,,,,,,,,
Study for exams,Review course materials and prepare for exams,120,,,,,,,,
Complete assignments,Work on homework assignments,90,,,,,,,,
Research project topic,Gather information and resources for a research project,60,,,,,,,,
Participate in group project,Collaborate with classmates on a group assignment,120,,,,,,,,
Attend extracurricular activity,Participate in school club or sports team,90,,,,,,,,
Meet with advisor,Consult with academic advisor,30,,,,,,,,
Write essay,Draft and revise essays for class assignments,60,,,,,,,,
Prepare presentation,Create slides and practice presentation,45,,,,,,,,
Read assigned readings,Review assigned readings for class,30,,,,,,,,
Work on lab experiments,Conduct experiments and analyze results,120,,,,,,,,
Study group session,Collaborate with peers in a study group,90,,,,,,,,
Attend tutorial session,Seek additional help in tutorial session,60,,,,,,,,
Volunteer for school event,Assist with organizing or running school event,120,,,,,,,,
Attend academic seminar,Participate in academic seminar or workshop,90,,,,,,,,
Take practice tests,Complete practice tests to assess knowledge,60,,,,,,,,
Research scholarship opportunities,Search for potential scholarships or grants,45,,,,,,,,
Attend school assembly,Participate in school-wide assembly or event,60,,,,,,,,
Organize study materials,Sort and organize study materials,30,,,,,,,,
Review lecture notes,Review and summarize notes from lectures,45,,,,,,,,
